Cluster Number,Class Name,File Path
1,BPM3,profile-collections/isr-profile-collection/startup/03-bpm.py
1,BPM1,profile-collections/isr-profile-collection/startup/70-quadem.py
1,BPM2,profile-collections/isr-profile-collection/startup/70-quadem.py
1,DCM,profile-collections/isr-profile-collection/startup/04-dcm.py
1,Mirror,profile-collections/isr-profile-collection/startup/02-mirrors.py
1,TestingStage,profile-collections/tes-profile-collection/startup/21-testing-stage.py
1,SampleStage,profile-collections/tes-profile-collection/startup/21-testing-stage.py
1,XYStage,profile-collections/tes-profile-collection/startup/20-motors.py
1,Mono,profile-collections/tes-profile-collection/startup/20-motors.py
1,SSA,profile-collections/tes-profile-collection/startup/20-motors.py
1,Robot_Smart,profile-collections/tes-profile-collection/startup/20-motors.py
1,Sample_Smart,profile-collections/tes-profile-collection/startup/20-motors.py
1,SDD_Smart,profile-collections/tes-profile-collection/startup/20-motors.py
1,SampleStage,profile-collections/qas-profile-collection/startup/20-motors.py
1,PilatusMotion,profile-collections/qas-profile-collection/startup/20-motors.py
1,Mirror,profile-collections/qas-profile-collection/startup/20-motors.py
1,SlitsVA,profile-collections/qas-profile-collection/startup/20-motors.py
1,Table,profile-collections/qas-profile-collection/startup/20-motors.py
1,Table_c,profile-collections/qas-profile-collection/startup/20-motors.py
1,BeamStop,profile-collections/qas-profile-collection/startup/20-motors.py
1,PerkinElmerPositioner,profile-collections/qas-profile-collection/startup/20-motors.py
1,Drifts,profile-collections/qas-profile-collection/startup/20-motors.py
1,IonChamberY,profile-collections/qas-profile-collection/startup/20-motors.py
1,Stage,profile-collections/xfm-profile-collection/startup/10-stages.py
1,KBTweaker,profile-collections/amx-profile-collection/startup/96-beam_alignment.py
1,Bpm,profile-collections/amx-profile-collection/startup/21-bpm.py
1,Best,profile-collections/amx-profile-collection/startup/21-bpm.py
1,XYMotor,profile-collections/amx-profile-collection/startup/10-motors.py
1,Slits,profile-collections/amx-profile-collection/startup/10-motors.py
1,VerticalDCM,profile-collections/amx-profile-collection/startup/10-motors.py
1,TandemMirrors,profile-collections/amx-profile-collection/startup/10-motors.py
1,KBMirror,profile-collections/amx-profile-collection/startup/10-motors.py
1,GoniometerStack,profile-collections/amx-profile-collection/startup/10-motors.py
1,ShutterTranslation,profile-collections/amx-profile-collection/startup/10-motors.py
1,BeamStop,profile-collections/amx-profile-collection/startup/10-motors.py
1,Attenuator,profile-collections/amx-profile-collection/startup/10-motors.py
1,Collimator,profile-collections/amx-profile-collection/startup/10-motors.py
1,FEBPM,profile-collections/bmm-profile-collection/startup/BMM/frontend.py
1,HxnAnc350_3,profile-collections/hxn-profile-collection/startup/13-mll.py
1,HxnPrototypeSample,profile-collections/hxn-profile-collection/startup/16-ptycho.py
1,HxnPrototypePhasePlate,profile-collections/hxn-profile-collection/startup/16-ptycho.py
1,HxnBpm,profile-collections/hxn-profile-collection/startup/20-detectors.py
1,TestMotor,profile-collections/nyx-profile-collection/startup/10-motors.py
1,XYMotor,profile-collections/nyx-profile-collection/startup/10-motors.py
1,Slits,profile-collections/nyx-profile-collection/startup/10-motors.py
1,DCM,profile-collections/nyx-profile-collection/startup/10-motors.py
1,Mirror,profile-collections/nyx-profile-collection/startup/10-motors.py
1,SampleCam,profile-collections/nyx-profile-collection/startup/10-motors.py
1,BeamPipe,profile-collections/nyx-profile-collection/startup/10-motors.py
1,Global,profile-collections/nyx-profile-collection/startup/10-motors.py
1,Goniometer,profile-collections/nyx-profile-collection/startup/10-motors.py
1,BeamStop,profile-collections/nyx-profile-collection/startup/10-motors.py
1,Table,profile-collections/nyx-profile-collection/startup/10-motors.py
1,Detector,profile-collections/nyx-profile-collection/startup/10-motors.py
1,SP_mtr,profile-collections/esm-xpeem-profile-collection/startup/10-machine.py
1,BPM_signal,profile-collections/csx-profile-collection/startup/csx1/devices/epu.py
1,BPM,profile-collections/csx-profile-collection/startup/csx1/devices/epu.py
1,M3AMirror,profile-collections/csx-profile-collection/startup/csx1/devices/optics.py
1,Nanopositioner,profile-collections/csx-profile-collection/startup/csx1/devices/optics.py
1,SlitsGapCenter,profile-collections/csx-profile-collection/startup/csx1/devices/optics.py
1,SlitsXY,profile-collections/csx-profile-collection/startup/csx1/devices/optics.py
1,MotorMirror,profile-collections/ios-profile-collection/startup/10-optics.py
1,SlitsGapCenter,profile-collections/ios-profile-collection/startup/10-optics.py
1,Blades,profile-collections/cms-profile-collection/startup/10-motors.py
1,BeamStop,profile-collections/pdf-profile-collection/startup/12-motors.py
1,OCMTable,profile-collections/pdf-profile-collection/startup/12-motors.py
1,ECS,profile-collections/pdf-profile-collection/startup/12-motors.py
1,Analyzer,profile-collections/pdf-profile-collection/startup/25-sample-env.py
1,SideBounceMono,profile-collections/pdf-profile-collection/startup/15-optics.py
1,SpinnerGoniohead,profile-collections/pdf-profile-collection/startup/15-optics.py
1,OCMTable,profile-collections/pdf-profile-collection/startup/15-optics.py
1,CRL,profile-collections/ixs-profile-collection/startup/10-machine.py
1,Blades,profile-collections/ixs-profile-collection/startup/10-optics.py
1,DCM,profile-collections/ixs-profile-collection/startup/10-optics.py
1,HRM2,profile-collections/ixs-profile-collection/startup/10-optics.py
1,VFM,profile-collections/ixs-profile-collection/startup/10-optics.py
1,HFM,profile-collections/ixs-profile-collection/startup/10-optics.py
1,XYMotor,profile-collections/ixs-profile-collection/startup/10-optics.py
1,Table,profile-collections/ixs-profile-collection/startup/10-optics.py
1,SampleStage,profile-collections/ixs-profile-collection/startup/90-endstation.py
1,DCMInternals,profile-collections/opls-profile-collection/startup/11-energy.py
1,Smaract2,profile-collections/opls-profile-collection/startup/25-slits.py
1,Smaract3,profile-collections/opls-profile-collection/startup/25-slits.py
1,BSTOP,profile-collections/opls-profile-collection/startup/25-slits.py
1,SampleSlit,profile-collections/opls-profile-collection/startup/25-slits.py
1,Table1,profile-collections/opls-profile-collection/startup/20-motors.py
1,Tilt,profile-collections/opls-profile-collection/startup/20-motors.py
1,DET_SAXS,profile-collections/opls-profile-collection/startup/20-motors.py
1,FLIGHT_PATH_SAXS,profile-collections/opls-profile-collection/startup/20-motors.py
1,ROT,profile-collections/opls-profile-collection/startup/20-motors.py
1,XBPM,profile-collections/opls-profile-collection/startup/12-xbpm.py
1,XBPM4,profile-collections/opls-profile-collection/startup/40-quadem.py
1,CRL1,profile-collections/opls-profile-collection/startup/14-crl.py
1,CRL2,profile-collections/opls-profile-collection/startup/14-crl.py
1,Condenser,profile-collections/fxi-profile-collection/startup/11-txm_motor.py
1,Zoneplate,profile-collections/fxi-profile-collection/startup/11-txm_motor.py
1,Aperture,profile-collections/fxi-profile-collection/startup/11-txm_motor.py
1,PhaseRing,profile-collections/fxi-profile-collection/startup/11-txm_motor.py
1,BetrandLens,profile-collections/fxi-profile-collection/startup/11-txm_motor.py
1,TXMSampleStage,profile-collections/fxi-profile-collection/startup/11-txm_motor.py
1,DetSupport,profile-collections/fxi-profile-collection/startup/11-txm_motor.py
1,Scint,profile-collections/fxi-profile-collection/startup/11-txm_motor.py
1,mirror,profile-collections/fxi-profile-collection/startup/12-optics_motor.py
1,DCM,profile-collections/fxi-profile-collection/startup/12-optics_motor.py
1,PBSL,profile-collections/fxi-profile-collection/startup/12-optics_motor.py
1,Manipulator,profile-collections/six-profile-collection/startup/24-sample_envs.py
1,M1,profile-collections/six-profile-collection/startup/10-mirror.py
1,M6,profile-collections/six-profile-collection/startup/10-mirror.py
1,MHexapod,profile-collections/six-profile-collection/startup/10-mirror.py
1,EHexapod,profile-collections/six-profile-collection/startup/10-mirror.py
1,PGMjoe,profile-collections/six-profile-collection/startup/84-pgm.py
1,PGM_ES,profile-collections/six-profile-collection/startup/84-pgm.py
1,DIAGON,profile-collections/six-profile-collection/startup/20-diagon.py
1,BaffleSlitBase,profile-collections/six-profile-collection/startup/12-slits.py
1,SCdevice,profile-collections/six-profile-collection/startup/13-chamber.py
1,Brdevice,profile-collections/six-profile-collection/startup/13-chamber.py
1,OCdevice,profile-collections/six-profile-collection/startup/13-chamber.py
1,DCdevice,profile-collections/six-profile-collection/startup/13-chamber.py
1,Printer_3D,profile-collections/chx-profile-collection/optional_startup/30-SAXS_WAXS.py
1,Blades,profile-collections/chx-profile-collection/startup/10-optics.py
1,XYMotor,profile-collections/chx-profile-collection/startup/10-optics.py
1,DCM,profile-collections/chx-profile-collection/startup/10-optics.py
1,DMM,profile-collections/chx-profile-collection/startup/10-optics.py
1,Kinoform,profile-collections/chx-profile-collection/startup/10-optics.py
1,SmarAct_single_axis,profile-collections/chx-profile-collection/startup/10-optics.py
1,XBPM,profile-collections/chx-profile-collection/startup/10-optics.py
1,amp_motor,profile-collections/chx-profile-collection/startup/10-optics.py
1,XBpm,profile-collections/chx-profile-collection/startup/35-detectors.py
1,MonoDCM,profile-collections/lix-profile-collection/startup/components/14-energy.py
1,XBPM,profile-collections/lix-profile-collection/startup/components/14-energy.py
1,XYMotor,profile-collections/lix-profile-collection/startup/components/10-motors.py
1,ApertureDev,profile-collections/lix-profile-collection/startup/components/10-motors.py
1,SlitsCenterAndGap,profile-collections/lix-profile-collection/startup/components/10-motors.py
1,HRM1,profile-collections/lix-profile-collection/startup/components/10-motors.py
1,HRM2,profile-collections/lix-profile-collection/startup/components/10-motors.py
1,StageScan,profile-collections/lix-profile-collection/startup/components/10-motors.py
1,Tilt,profile-collections/lix-profile-collection/startup/components/10-motors.py
1,LT_mtr,profile-collections/esm-arpes-profile-collection/startup/10-machine.py
1,SP_mtr,profile-collections/esm-arpes-profile-collection/startup/10-machine.py
1,ModXY_CF,profile-collections/xfp-profile-collection/startup/10-motors-bl.py
1,BeamPipeStage,profile-collections/xfp-profile-collection/startup/10-motors-bl.py
1,Table1,profile-collections/xfp-profile-collection/startup/10-motors-bl.py
1,HT,profile-collections/xfp-profile-collection/startup/10-motors-bl.py
1,HTFly,profile-collections/xfp-profile-collection/startup/10-motors-bl.py
1,CVDViewer,profile-collections/xfp-profile-collection/startup/10-motors-bl.py
1,PBSlits,profile-collections/xfp-profile-collection/startup/10-motors-bl.py
1,XASMono,profile-collections/xfp-profile-collection/startup/10-motors-bl.py
1,Sample_Cryo,profile-collections/xfp-profile-collection/startup/10-motors-bl.py
1,Table3,profile-collections/xfp-profile-collection/startup/10-motors-bl.py
1,Mod12,profile-collections/xfp-profile-collection/startup/10-motors-bl.py
1,Mod34,profile-collections/xfp-profile-collection/startup/10-motors-bl.py
1,SydorBPM,profile-collections/xfp-profile-collection/startup/20-bpm.py
1,DBPM,profile-collections/xfp-profile-collection/startup/20-bpm.py
1,SydorPBG,profile-collections/xfp-profile-collection/startup/20-bpm.py
1,Slits,profile-collections/xpd-profile-collection/startup/15-optics.py
1,MaiaStage,profile-collections/xfm-maia-profile-collection/startup/11-stages.py
1,AmptekPositions,profile-collections/smi-profile-collection/startup/smiclasses/amptek.py
1,SAXSBeamStops,profile-collections/smi-profile-collection/startup/smiclasses/beamstop.py
1,SAXSPositions,profile-collections/smi-profile-collection/startup/smiclasses/pilatus.py
1,DetMotor,profile-collections/smi-profile-collection/startup/smiclasses/pilatus.py
1,Blades,profile-collections/smi-profile-collection/startup/smiclasses/motors.py
1,DetMotor,profile-collections/smi-profile-collection/startup/smiclasses/motors.py
1,SAXSBeamStop,profile-collections/smi-profile-collection/startup/smiclasses/motors.py
1,SAXSPindiode,profile-collections/smi-profile-collection/startup/smiclasses/motors.py
1,SLIT,profile-collections/smi-profile-collection/startup/smiclasses/slits.py
1,APER,profile-collections/smi-profile-collection/startup/smiclasses/slits.py
1,bladecoater_smaract,profile-collections/smi-profile-collection/startup/smiclasses/bladecoater.py
1,STG,profile-collections/smi-profile-collection/startup/smiclasses/manipulators.py
1,SMPL,profile-collections/smi-profile-collection/startup/smiclasses/manipulators.py
1,HEXAPOD,profile-collections/smi-profile-collection/startup/smiclasses/manipulators.py
1,SMARACT,profile-collections/smi-profile-collection/startup/smiclasses/manipulators.py
1,BDMStage,profile-collections/smi-profile-collection/startup/smiclasses/manipulators.py
1,XBPM,profile-collections/smi-profile-collection/startup/smiclasses/electrometers.py
1,XBPM,profile-collections/smi-profile-collection/startup/smiclasses/xbpms.py
1,MIR,profile-collections/smi-profile-collection/startup/smiclasses/mirrors.py
1,SampleXY,profile-collections/iss-profile-collection/startup/10-motors.py
1,DetStageXYZ,profile-collections/iss-profile-collection/startup/10-motors.py
1,Usermotor,profile-collections/iss-profile-collection/startup/10-motors.py
1,IonChamberMotor,profile-collections/iss-profile-collection/startup/10-motors.py
1,Bender,profile-collections/iss-profile-collection/startup/10-motors.py
1,Slits,profile-collections/iss-profile-collection/startup/10-motors.py
1,HuberStage,profile-collections/iss-profile-collection/startup/10-motors.py
1,SixAxesStage,profile-collections/iss-profile-collection/startup/10-motors.py
1,GonioMeter,profile-collections/iss-profile-collection/startup/10-motors.py
1,FIPSpectrometerMotor,profile-collections/iss-profile-collection/startup/10-motors.py
1,VonHamosSpectrometerMotors,profile-collections/iss-profile-collection/startup/10-motors.py
1,VonHamosSpectrometerMotors,profile-collections/iss-profile-collection/startup/45-device_dictionaries.py
1,YMotor,profile-collections/fmx-profile-collection/startup/10-motors_00_lsdc.py
1,XYMotor,profile-collections/fmx-profile-collection/startup/10-motors_00_lsdc.py
1,XZXYMotor,profile-collections/fmx-profile-collection/startup/10-motors_00_lsdc.py
1,XYZfMotor,profile-collections/fmx-profile-collection/startup/10-motors_00_lsdc.py
1,Slits,profile-collections/fmx-profile-collection/startup/10-motors_00_lsdc.py
1,HorizontalDCM,profile-collections/fmx-profile-collection/startup/10-motors_00_lsdc.py
1,VerticalDCM,profile-collections/fmx-profile-collection/startup/10-motors_00_lsdc.py
1,ShutterTranslation,profile-collections/fmx-profile-collection/startup/10-motors_00_lsdc.py
1,BeamStop,profile-collections/fmx-profile-collection/startup/10-motors_00_lsdc.py
1,Xbpm,profile-collections/fmx-profile-collection/startup/21-bpm_00_lsdc.py
1,Bpm,profile-collections/fmx-profile-collection/startup/21-bpm_00_lsdc.py
1,FESlits,profile-collections/fmx-profile-collection/startup/10-motors_99.py
1,KBMirror,profile-collections/fmx-profile-collection/startup/10-motors_99.py
1,Best,profile-collections/fmx-profile-collection/startup/21-bpm_99.py
1,EDXD,profile-collections/hex-profile-collection/startup/03-motors.py
1,SRXHFM,profile-collections/srx-profile-collection/startup/11-optics.py
1,SRXBPM,profile-collections/srx-profile-collection/startup/11-optics.py
1,SRXSlitsFE,profile-collections/srx-profile-collection/startup/10-machine.py
1,BPMStats,profile-collections/srx-profile-collection/startup/20-diagnostics.py
1,SRXNanoStage,profile-collections/srx-profile-collection/startup/16-nanoES.py
1,SRXNanoVLMStage,profile-collections/srx-profile-collection/startup/16-nanoES.py
1,HFETomoStage,profile-collections/srx-profile-collection/startup/18-tempstages.py
1,XFMstage,profile-collections/srx-profile-collection/startup/18-tempstages.py
1,XFMslit,profile-collections/srx-profile-collection/startup/18-tempstages.py
1,DexelaBeamstop,profile-collections/srx-profile-collection/startup/18-tempstages.py
1,SRXJJSlits,profile-collections/srx-profile-collection/startup/15-microES.py
2,EigerSimulatedFilePlugin,profile-collections/isr-profile-collection/startup/20-area-detectors.py
2,Tpx3Files,profile-collections/chx-profile-collection/optional_startup/9999-tpx3.py
2,EigerSimulatedFilePlugin,profile-collections/chx-profile-collection/startup/20-area-detectors.py
2,PilatusFilePlugin,profile-collections/lix-profile-collection/startup/obsolete/20-pilatus.py
3,SSASlit,profile-collections/isr-profile-collection/startup/70-quadem.py
3,Slits,profile-collections/qas-profile-collection/startup/20-motors.py
3,FE_Slits,profile-collections/qas-profile-collection/startup/20-motors.py
3,FESlits,profile-collections/amx-profile-collection/startup/10-motors.py
3,HXN_NanoStage,profile-collections/hxn-profile-collection/startup/61-nano-es.py
3,ESMSlit_type1,profile-collections/esm-xpeem-profile-collection/startup/10-machine.py
3,ESMSlit_type2,profile-collections/esm-xpeem-profile-collection/startup/10-machine.py
3,EPU1,profile-collections/ios-profile-collection/startup/10-machine.py
3,Slits,profile-collections/pdf-profile-collection/startup/15-optics.py
3,Slit2DBlades,profile-collections/ixs-profile-collection/startup/10-machine.py
3,SSA,profile-collections/ixs-profile-collection/startup/10-optics.py
3,Spectrometer,profile-collections/ixs-profile-collection/startup/90-endstation.py
3,AnalyzerSlits,profile-collections/ixs-profile-collection/startup/90-endstation.py
3,MCMSlits,profile-collections/ixs-profile-collection/startup/90-endstation.py
3,SlitsWithGapAndCenter,profile-collections/opls-profile-collection/startup/25-slits.py
3,SlitsWithTopBottomInbOutb,profile-collections/opls-profile-collection/startup/25-slits.py
3,SLTH,profile-collections/opls-profile-collection/startup/25-slits.py
3,SLTV,profile-collections/opls-profile-collection/startup/25-slits.py
3,TXM_SSA,profile-collections/fxi-profile-collection/startup/11-txm_motor.py
3,ExitSlit,profile-collections/six-profile-collection/startup/12-slits.py
3,ESMSlit_type1,profile-collections/esm-arpes-profile-collection/startup/10-machine.py
3,ESMSlit_type2,profile-collections/esm-arpes-profile-collection/startup/10-machine.py
3,XFP_qem2,profile-collections/xfp-profile-collection/startup/15-electrometer.py
3,FE_WhiteBeam_Slits,profile-collections/xfp-profile-collection/startup/10-motors-fe.py
3,ADCSlits,profile-collections/xfp-profile-collection/startup/10-motors-bl.py
3,PreMonoSlits,profile-collections/xfp-profile-collection/startup/10-motors-bl.py
3,SLTH,profile-collections/smi-profile-collection/startup/smiclasses/slits.py
3,SLTV,profile-collections/smi-profile-collection/startup/smiclasses/slits.py
3,Hutch_Slits,profile-collections/iss-profile-collection/startup/10-motors.py
3,SRXSlitsWB,profile-collections/srx-profile-collection/startup/11-optics.py
3,SRXSlitsPB,profile-collections/srx-profile-collection/startup/11-optics.py
3,SRXSSACalc,profile-collections/srx-profile-collection/startup/11-optics.py
3,HACK_SRX_NSLS_EM,profile-collections/srx-profile-collection/startup/20-diagnostics.py
3,SRXNanoDet,profile-collections/srx-profile-collection/startup/16-nanoES.py
3,SRXDownStreamGantry,profile-collections/srx-profile-collection/startup/15-microES.py
4,VirtualMotorCenterAndGap,profile-collections/isr-profile-collection/startup/01-machine.py
4,Virtual_Motor_Center_And_Gap,profile-collections/esm-xpeem-profile-collection/startup/10-machine.py
4,MotorCenterAndGap,profile-collections/cms-profile-collection/startup/10-motors.py
4,Slit2D,profile-collections/ixs-profile-collection/startup/10-machine.py
4,VirtualMotorCenterAndGap,profile-collections/six-profile-collection/startup/12-slits.py
4,MotorCenterAndGap,profile-collections/chx-profile-collection/startup/10-optics.py
4,VirtualMotorCenterAndGap,profile-collections/chx-profile-collection/startup/10-optics.py
4,Virtual_Motor_Center_And_Gap,profile-collections/esm-arpes-profile-collection/startup/10-machine.py
4,MotorCenterAndGap,profile-collections/smi-profile-collection/startup/smiclasses/motors.py
5,AttenuatorBank,profile-collections/isr-profile-collection/startup/15-attenuators.py
5,FilterBankTwoButtonShutter,profile-collections/pdf-profile-collection/startup/12-motors.py
5,AttenuatorRI,profile-collections/fmx-profile-collection/startup/23-attenuator_crl_99.py
5,AttenuatorBCU,profile-collections/fmx-profile-collection/startup/23-attenuator_crl_00_lsdc.py
6,ScalerMCA,profile-collections/tes-profile-collection/startup/25-sclr.py
6,Scaler,profile-collections/tes-profile-collection/startup/25-sclr.py
6,ScalerMCA,profile-collections/xfm-profile-collection/startup/20-scaler.py
6,Scaler,profile-collections/xfm-profile-collection/startup/20-scaler.py
6,ScalerMCA,profile-collections/csx-profile-collection/startup/90-softGluescalar.py
6,Scaler,profile-collections/csx-profile-collection/startup/90-softGluescalar.py
6,StruckSIS3820MCS,profile-collections/csx-profile-collection/startup/csx1/devices/scaler.py
6,SpectrumAnalyzer,profile-collections/esm-arpes-profile-collection/startup/30-detectors.py
6,XmapSCA,profile-collections/iss-profile-collection/startup/42-xia.py
6,ScalerPreAmp,profile-collections/srx-profile-collection/startup/20-diagnostics.py
7,ToroidalMirror,profile-collections/tes-profile-collection/startup/20-motors.py
7,KBMirror,profile-collections/tes-profile-collection/startup/20-motors.py
7,FoilWheel1,profile-collections/qas-profile-collection/startup/20-motors.py
7,M1_mirror,profile-collections/esm-xpeem-profile-collection/startup/10-machine.py
7,Hexapod_Mir,profile-collections/esm-xpeem-profile-collection/startup/10-machine.py
7,ESM_Diagon,profile-collections/esm-xpeem-profile-collection/startup/10-machine.py
7,Mirror,profile-collections/ios-profile-collection/startup/10-optics.py
7,Mirror,profile-collections/pdf-profile-collection/startup/15-optics.py
7,Pinhole,profile-collections/ixs-profile-collection/startup/10-optics.py
7,Analyzer,profile-collections/ixs-profile-collection/startup/90-endstation.py
7,AnalyzerDXtals,profile-collections/ixs-profile-collection/startup/90-endstation.py
7,SOLLER,profile-collections/opls-profile-collection/startup/25-slits.py
7,Transfocator,profile-collections/chx-profile-collection/startup/10-optics.py
7,M1_mirror,profile-collections/esm-arpes-profile-collection/startup/10-machine.py
7,Hexapod_Mir,profile-collections/esm-arpes-profile-collection/startup/10-machine.py
7,ESM_Diagon,profile-collections/esm-arpes-profile-collection/startup/10-machine.py
7,XFP_FE_Mirror,profile-collections/xfp-profile-collection/startup/10-motors-fe.py
7,CRL,profile-collections/smi-profile-collection/startup/smiclasses/crls.py
7,Mirror,profile-collections/iss-profile-collection/startup/10-motors.py
7,FoilWheel,profile-collections/iss-profile-collection/startup/10-motors.py
8,VideoStreamDet,profile-collections/tes-profile-collection/startup/27-vstream-cam.py
8,CameraSnapshot,profile-collections/bmm-profile-collection/startup/BMM/attic/webcam_device.py
8,CameraSnapshot,profile-collections/pdf-profile-collection/startup/.99-webcam_device.py
9,PShutter,profile-collections/tes-profile-collection/startup/22-shutters.py
9,EPS_Shutter,profile-collections/qas-profile-collection/startup/22-devices.py
9,QASFastShutter,profile-collections/qas-profile-collection/startup/22-devices.py
9,EPS_Shutter,profile-collections/bmm-profile-collection/startup/BMM/actuators.py
9,BMPS_Shutter,profile-collections/bmm-profile-collection/startup/BMM/actuators.py
9,IDPS_Shutter,profile-collections/bmm-profile-collection/startup/BMM/actuators.py
9,GateValve,profile-collections/bmm-profile-collection/startup/BMM/utilities.py
9,HxnFastShutter,profile-collections/hxn-profile-collection/startup/12-endstation.py
9,HxnSlowShutter,profile-collections/hxn-profile-collection/startup/12-endstation.py
9,BeamlineStatus,profile-collections/hxn-profile-collection/startup/10-optics.py
9,PULSE,profile-collections/hxn-profile-collection/startup/93-scanplan-panda.py
9,FastShutter,profile-collections/esm-xpeem-profile-collection/startup/esm.py
9,Scintillator,profile-collections/esm-xpeem-profile-collection/startup/esm.py
9,PhotonShutter,profile-collections/esm-xpeem-profile-collection/startup/esm.py
9,FastShutter2,profile-collections/esm-xpeem-profile-collection/startup/esm.py
9,FastShutter,profile-collections/esm-xpeem-profile-collection/startup/40-ESM_plans_elio.py
9,Scintillator,profile-collections/esm-xpeem-profile-collection/startup/40-ESM_plans_elio.py
9,PhotonShutter,profile-collections/esm-xpeem-profile-collection/startup/40-ESM_plans_elio.py
9,FastShutter2,profile-collections/esm-xpeem-profile-collection/startup/40-ESM_plans_elio.py
9,EPSTwoStateDevice,profile-collections/csx-profile-collection/startup/csx1/devices/eps.py
9,Valve,profile-collections/ios-profile-collection/startup/11-valves.py
9,TwoButtonShutter,profile-collections/ios-profile-collection/startup/11-valves.py
9,PDFShutter,profile-collections/pdf-profile-collection/startup/80-areadetector2.py
9,PDFFastShutter,profile-collections/pdf-profile-collection/startup/15-optics.py
9,TwoButtonShutter,profile-collections/opls-profile-collection/startup/08-shutter.py
9,TwoButtonShutter,profile-collections/fxi-profile-collection/startup/11-txm_motor.py
9,PZT,profile-collections/fxi-profile-collection/startup/13-pzt.py
9,FastShutterTrigger,profile-collections/chx-profile-collection/startup/20-area-detectors.py
9,FourPVShutter,profile-collections/chx-profile-collection/startup/25-shutter.py
9,FourPVShutter,profile-collections/chx-profile-collection/startup/25-shutter.py
9,TwoPVShutter,profile-collections/chx-profile-collection/startup/25-shutter.py
9,PulseConfig,profile-collections/chx-profile-collection/startup/98-xspress3.py
9,FastShutter,profile-collections/lix-profile-collection/startup/components/12-shutter.py
9,PhotonShutter,profile-collections/lix-profile-collection/startup/components/12-shutter.py
9,FastShutter,profile-collections/esm-arpes-profile-collection/startup/esm.py
9,Scintillator,profile-collections/esm-arpes-profile-collection/startup/esm.py
9,PhotonShutter,profile-collections/esm-arpes-profile-collection/startup/esm.py
9,FastShutter2,profile-collections/esm-arpes-profile-collection/startup/esm.py
9,FastShutter,profile-collections/esm-arpes-profile-collection/startup/40-ESM_plans_elio.py
9,Scintillator,profile-collections/esm-arpes-profile-collection/startup/40-ESM_plans_elio.py
9,PhotonShutter,profile-collections/esm-arpes-profile-collection/startup/40-ESM_plans_elio.py
9,FastShutter2,profile-collections/esm-arpes-profile-collection/startup/40-ESM_plans_elio.py
9,DiodeShutter,profile-collections/xfp-profile-collection/startup/11-shutters.py
9,XPDShutter,profile-collections/xpd-profile-collection/startup/80-areadetector.py
9,TwoButtonShutter,profile-collections/smi-profile-collection/startup/smiclasses/shutter.py
9,SMIFastShutter,profile-collections/smi-profile-collection/startup/smiclasses/shutter.py
9,ShutterMotor,profile-collections/iss-profile-collection/startup/20-devices.py
9,EPS_Shutter,profile-collections/iss-profile-collection/startup/20-devices.py
9,Cover,profile-collections/fmx-profile-collection/startup/10-motors_00_lsdc.py
9,Shutter,profile-collections/fmx-profile-collection/startup/10-motors_00_lsdc.py
9,PuckSafety,profile-collections/fmx-profile-collection/startup/90-utility_00_lsdc.py
9,SRXFastShutter,profile-collections/srx-profile-collection/startup/11-optics.py
10,DarkFrameCache,profile-collections/qas-profile-collection/startup/81-pe-callbacks.py
11,LinkamThermal,profile-collections/qas-profile-collection/startup/22-devices.py
11,Thermocouple,profile-collections/bmm-profile-collection/startup/BMM/utilities.py
11,LinkamThermal,profile-collections/cms-profile-collection/startup/51-linkam-stages.py
11,CryoStat1,profile-collections/pdf-profile-collection/startup/11-temperature-controller.py
11,CryoStat2,profile-collections/pdf-profile-collection/startup/11-temperature-controller.py
11,output_lakeshore,profile-collections/opls-profile-collection/startup/27-envcontrol.py
11,LinkamThermal,profile-collections/chx-profile-collection/startup/51_Linkam.py
11,Peltier_Cooler,profile-collections/chx-profile-collection/startup/30-user.py
11,Eurotherm,profile-collections/xpd-profile-collection/startup/11-temperature-controller.py
11,CryoStat,profile-collections/xpd-profile-collection/startup/11-temperature-controller.py
11,LinkamThermal,profile-collections/smi-profile-collection/startup/smiclasses/linkam.py
11,output_lakeshore,profile-collections/smi-profile-collection/startup/smiclasses/electrometers.py
12,EPS_MFC,profile-collections/qas-profile-collection/startup/22-devices.py
12,EPS_MFC1,profile-collections/qas-profile-collection/startup/22-devices.py
12,EPS_MFC2,profile-collections/qas-profile-collection/startup/22-devices.py
12,EPS_MFC3,profile-collections/qas-profile-collection/startup/22-devices.py
12,EPS_MFC4,profile-collections/qas-profile-collection/startup/22-devices.py
12,EPS_MFC5,profile-collections/qas-profile-collection/startup/22-devices.py
12,DIODE_MFC,profile-collections/qas-profile-collection/startup/22-devices.py
12,DIODE_MFC1,profile-collections/qas-profile-collection/startup/22-devices.py
12,DIODE_MFC2,profile-collections/qas-profile-collection/startup/22-devices.py
12,DIODE_MFC3,profile-collections/qas-profile-collection/startup/22-devices.py
12,DIODE_MFC4,profile-collections/qas-profile-collection/startup/22-devices.py
12,DIODE_MFC5,profile-collections/qas-profile-collection/startup/22-devices.py
12,PCOMP,profile-collections/hxn-profile-collection/startup/93-scanplan-panda.py
12,PCAP,profile-collections/hxn-profile-collection/startup/93-scanplan-panda.py
12,BITS,profile-collections/hxn-profile-collection/startup/93-scanplan-panda.py
12,EPU,profile-collections/csx-profile-collection/startup/csx1/devices/epu.py
12,FilterBank,profile-collections/pdf-profile-collection/startup/12-motors.py
12,RGA,profile-collections/pdf-profile-collection/startup/13-gas_handling.py
12,SROFB,profile-collections/ixs-profile-collection/startup/10-machine.py
12,QuadEM,profile-collections/xfp-profile-collection/startup/10-fp-devs.py
12,RGA,profile-collections/xpd-profile-collection/startup/12-rga.py
12,KeithlyMMChannel,profile-collections/xpd-profile-collection/startup/95-flash.py
12,ioLogik1241,profile-collections/smi-profile-collection/startup/smiclasses/ioLogik.py
12,ioLogik1240,profile-collections/smi-profile-collection/startup/smiclasses/ioLogik.py
12,MFC,profile-collections/iss-profile-collection/startup/20-devices.py
12,XBIC,profile-collections/iss-profile-collection/startup/10-motors.py
12,Electrometer,profile-collections/iss-profile-collection/startup/35-electrometer.py
12,XmapMCA,profile-collections/iss-profile-collection/startup/42-xia.py
12,MotorValuesMCA1,profile-collections/hex-profile-collection/startup/03-motors.py
12,HDCMParameters,profile-collections/srx-profile-collection/startup/10-machine.py
12,OneScan,profile-collections/srx-profile-collection/startup/40-scanutils.py
13,Lakeshore336Setpoint,profile-collections/qas-profile-collection/startup/22-devices.py
13,Lakeshore336Channel,profile-collections/csx-profile-collection/startup/csx1/devices/lakeshore.py
13,Lakeshore336,profile-collections/csx-profile-collection/startup/csx1/devices/lakeshore.py
13,Lakeshore336Picky,profile-collections/csx-profile-collection/startup/csx1/devices/lakeshore.py
13,LakeshoreChannel,profile-collections/csx-profile-collection/startup/csx1/devices/devices.py
13,Lakeshore336Picky,profile-collections/csx-profile-collection/startup/csx1/devices/devices.py
13,CryoStream,profile-collections/pdf-profile-collection/startup/11-temperature-controller.py
13,Lakeshore336Channel,profile-collections/pdf-profile-collection/startup/11-temperature-controller.py
13,Lakeshore336,profile-collections/pdf-profile-collection/startup/11-temperature-controller.py
13,new_LakeShore,profile-collections/opls-profile-collection/startup/27-envcontrol.py
13,Lakeshore336Channel,profile-collections/fxi-profile-collection/startup/17-temperature_controllers.py
13,Lakeshore336,profile-collections/fxi-profile-collection/startup/17-temperature_controllers.py
13,Lakeshore336Channel,profile-collections/six-profile-collection/startup/25-temp_control.py
13,Lakeshore336,profile-collections/six-profile-collection/startup/25-temp_control.py
13,Lakeshore336Picky,profile-collections/six-profile-collection/startup/25-temp_control.py
13,Lakeshore336Channel,profile-collections/esm-arpes-profile-collection/startup/48-lakeshore.py
13,Lakeshore336,profile-collections/esm-arpes-profile-collection/startup/48-lakeshore.py
13,Lakeshore336Picky,profile-collections/esm-arpes-profile-collection/startup/48-lakeshore.py
13,new_LakeShore,profile-collections/smi-profile-collection/startup/smiclasses/electrometers.py
13,Lakeshore331Setpoint,profile-collections/iss-profile-collection/startup/20-devices.py
14,WienerPowerSupply,profile-collections/qas-profile-collection/startup/22-devices.py
14,WienerHVCrateChannel,profile-collections/fxi-profile-collection/startup/05-ion-chamber.py
14,WienerHVCrate,profile-collections/fxi-profile-collection/startup/05-ion-chamber.py
14,FlashPower,profile-collections/xpd-profile-collection/startup/95-flash.py
14,WPS,profile-collections/iss-profile-collection/startup/20-devices.py
14,Transmission,profile-collections/fmx-profile-collection/startup/23-attenuator_crl_00_lsdc.py
15,ICAmplifier,profile-collections/qas-profile-collection/startup/22-devices.py
15,Accelerator,profile-collections/qas-profile-collection/startup/08-accelerator.py
15,ICAmplifier,profile-collections/iss-profile-collection/startup/20-devices.py
15,ICAmplifier_Keithley,profile-collections/iss-profile-collection/startup/20-devices.py
15,Preamp,profile-collections/iss-profile-collection/startup/42-xia.py
16,WPS_Scan,profile-collections/qas-profile-collection/startup/22-devices.py
16,DeviceWithNegativeReadBack,profile-collections/iss-profile-collection/startup/20-devices.py
16,FlyScanControl,profile-collections/srx-profile-collection/startup/10-machine.py
16,FlyScanParameters,profile-collections/srx-profile-collection/startup/10-machine.py
17,Xspress3FileStoreFlyable,profile-collections/qas-profile-collection/startup/41-xspress3x.py
17,Xspress3FileStoreFlyable,profile-collections/qas-profile-collection/startup/40-xspress3.py
17,Xspress3FileStoreHXN,profile-collections/hxn-profile-collection/startup/21-xspress3.py
17,Xspress3FileStoreFlyable,profile-collections/opls-profile-collection/startup/47-xpress3.py
17,Xspress3FileStoreFlyable,profile-collections/iss-profile-collection/startup/38-xspress3.py
18,AnalogPizzaBoxTrigger,profile-collections/qas-profile-collection/startup/30-apb_trigger.py
18,PizzaBoxFS,profile-collections/qas-profile-collection/startup/10-detectors.py
18,TriggerAdc,profile-collections/qas-profile-collection/startup/10-detectors.py
18,PizzaBoxAnalogFS,profile-collections/qas-profile-collection/startup/10-detectors.py
18,PizzaBoxDualAnalogFS,profile-collections/qas-profile-collection/startup/10-detectors.py
18,AnalogPizzaBox,profile-collections/qas-profile-collection/startup/29-apb.py
18,LEEMDetector,profile-collections/esm-xpeem-profile-collection/startup/46-ESM_LEEM.py
18,USB4000,profile-collections/lix-profile-collection/startup/obsolete/20-spectro.py
18,Best,profile-collections/lix-profile-collection/startup/obsolete/2023Sep/20-bpm.py
18,LiXDetectors,profile-collections/lix-profile-collection/startup/components/20-pilatus.py
18,Best,profile-collections/lix-profile-collection/startup/components/20-bpm.py
18,LEEMDetector,profile-collections/esm-arpes-profile-collection/startup/46-ESM_LEEM.py
18,AnalogPizzaBoxTrigger,profile-collections/iss-profile-collection/startup/34-apb_trigger.py
18,PizzaBoxFS,profile-collections/iss-profile-collection/startup/30-detectors.py
18,AnalogPizzaBox,profile-collections/iss-profile-collection/startup/33-apb.py
18,CurrentPreampZebra,profile-collections/srx-profile-collection/startup/32-zebra.py
19,Encoder,profile-collections/qas-profile-collection/startup/10-detectors.py
19,DigitalInput,profile-collections/qas-profile-collection/startup/10-detectors.py
19,INENC,profile-collections/hxn-profile-collection/startup/93-scanplan-panda.py
19,Encoder,profile-collections/iss-profile-collection/startup/30-detectors.py
20,DigitalOutput,profile-collections/qas-profile-collection/startup/10-detectors.py
20,CLOCK,profile-collections/hxn-profile-collection/startup/93-scanplan-panda.py
21,QASXspress3Detector,profile-collections/qas-profile-collection/startup/40-xspress3.py
21,SrxXspress3Detector,profile-collections/xfm-profile-collection/startup/30-xspress3.py
21,CHXXspress3Detector,profile-collections/chx-profile-collection/startup/98-xspress3.py
21,ISSXspress3Detector,profile-collections/iss-profile-collection/startup/38-xspress3.py
22,MonoTrajDesc,profile-collections/qas-profile-collection/startup/20-motors.py
22,DATA,profile-collections/hxn-profile-collection/startup/93-scanplan-panda.py
22,MonoFly,profile-collections/csx-profile-collection/startup/csx1/devices/optics.py
22,MonoFly,profile-collections/ios-profile-collection/startup/10-optics.py
22,HHMTrajDesc,profile-collections/iss-profile-collection/startup/12-hhm.py
23,Monochromator,profile-collections/qas-profile-collection/startup/20-motors.py
23,Monochromator,profile-collections/esm-xpeem-profile-collection/startup/10-machine.py
23,Monochromator,profile-collections/esm-arpes-profile-collection/startup/10-machine.py
23,HHM,profile-collections/iss-profile-collection/startup/12-hhm.py
23,HEXMonochromator,profile-collections/hex-profile-collection/startup/03-motors.py
24,FoilWheel2,profile-collections/qas-profile-collection/startup/20-motors.py
24,FoilWheel4,profile-collections/qas-profile-collection/startup/20-motors.py
24,Robot,profile-collections/nyx-profile-collection/startup/10-motors.py
24,Blades,profile-collections/esm-xpeem-profile-collection/startup/10-machine.py
24,Blades,profile-collections/esm-arpes-profile-collection/startup/10-machine.py
25,TopAlignerBase,profile-collections/amx-profile-collection/startup/96-top_alignment.py
25,RotationAxisAligner,profile-collections/amx-profile-collection/startup/96-rot_axis_alignment.py
25,InsertionDevice,profile-collections/srx-profile-collection/startup/10-machine.py
26,ZebraSignalWithRBV,profile-collections/amx-profile-collection/startup/25-zebra.py
26,ZebraPulse,profile-collections/amx-profile-collection/startup/25-zebra.py
26,ZebraPositionCaptureDeviceBase,profile-collections/amx-profile-collection/startup/25-zebra.py
26,ZebraArmSignalWithRBV,profile-collections/amx-profile-collection/startup/25-zebra.py
26,ZebraDisarmSignalWithRBV,profile-collections/amx-profile-collection/startup/25-zebra.py
26,PBSignalWithRBV,profile-collections/amx-profile-collection/startup/24-powerbrick.py
26,ZebraSignalWithRBV,profile-collections/nyx-profile-collection/startup/25-zebra.py
26,ZebraPulse,profile-collections/nyx-profile-collection/startup/25-zebra.py
26,ZebraPositionCaptureDeviceBase,profile-collections/nyx-profile-collection/startup/25-zebra.py
26,ZebraArmSignalWithRBV,profile-collections/nyx-profile-collection/startup/25-zebra.py
26,ZebraDisarmSignalWithRBV,profile-collections/nyx-profile-collection/startup/25-zebra.py
26,DelayGeneratorChan,profile-collections/csx-profile-collection/startup/csx1/devices/lakeshore.py
26,DelayGeneratorChan,profile-collections/csx-profile-collection/startup/csx1/devices/devices.py
26,ZebraINP,profile-collections/chx-profile-collection/startup/98-xspress3.py
26,ZebraPulse,profile-collections/lix-profile-collection/startup/components/10-zebra.py
26,DelayGeneratorChan,profile-collections/esm-arpes-profile-collection/startup/48-lakeshore.py
26,PBSignalWithRBV,profile-collections/fmx-profile-collection/startup/24-powerbrick.py
26,ZebraSignalWithRBV,profile-collections/fmx-profile-collection/startup/26-zebra.py
26,ZebraPulse,profile-collections/fmx-profile-collection/startup/26-zebra.py
26,ZebraPositionCaptureDeviceBase,profile-collections/fmx-profile-collection/startup/26-zebra.py
26,ZebraArmSignalWithRBV,profile-collections/fmx-profile-collection/startup/26-zebra.py
26,ZebraDisarmSignalWithRBV,profile-collections/fmx-profile-collection/startup/26-zebra.py
26,ZebraPulse,profile-collections/srx-profile-collection/startup/32-zebra.py
27,ZebraOutputBase,profile-collections/amx-profile-collection/startup/25-zebra.py
27,ZebraOutputType,profile-collections/amx-profile-collection/startup/25-zebra.py
27,ZebraOutputBase,profile-collections/nyx-profile-collection/startup/25-zebra.py
27,ZebraOutputType,profile-collections/nyx-profile-collection/startup/25-zebra.py
27,ZebraOutputBase,profile-collections/fmx-profile-collection/startup/26-zebra.py
27,ZebraOutputType,profile-collections/fmx-profile-collection/startup/26-zebra.py
28,ZebraEncoder,profile-collections/amx-profile-collection/startup/25-zebra.py
28,ZebraGateInput,profile-collections/amx-profile-collection/startup/25-zebra.py
28,ZebraGate,profile-collections/amx-profile-collection/startup/25-zebra.py
28,ZebraPositionCaptureData,profile-collections/amx-profile-collection/startup/25-zebra.py
28,ZebraPositionCapture,profile-collections/amx-profile-collection/startup/25-zebra.py
28,ZebraBase,profile-collections/amx-profile-collection/startup/25-zebra.py
28,ZebraPositionCapture,profile-collections/hxn-profile-collection/startup/66-nano-zebra.py
28,SRXFlyer1Axis,profile-collections/hxn-profile-collection/startup/66-nano-zebra.py
28,ZebraEncoder,profile-collections/nyx-profile-collection/startup/25-zebra.py
28,ZebraGateInput,profile-collections/nyx-profile-collection/startup/25-zebra.py
28,ZebraGate,profile-collections/nyx-profile-collection/startup/25-zebra.py
28,ZebraPositionCaptureData,profile-collections/nyx-profile-collection/startup/25-zebra.py
28,ZebraPositionCapture,profile-collections/nyx-profile-collection/startup/25-zebra.py
28,ZebraBase,profile-collections/nyx-profile-collection/startup/25-zebra.py
28,ZebraPositionCapture,profile-collections/fxi-profile-collection/startup/18-zebra.py
28,FXIZebraOR,profile-collections/fxi-profile-collection/startup/18-zebra.py
28,ZebraAND,profile-collections/fxi-profile-collection/startup/18-zebra.py
28,ZebraPulse,profile-collections/fxi-profile-collection/startup/18-zebra.py
28,ZebraLogic,profile-collections/chx-profile-collection/startup/98-xspress3.py
28,Zebra,profile-collections/chx-profile-collection/startup/98-xspress3.py
28,XspressZebra,profile-collections/chx-profile-collection/startup/98-xspress3.py
28,ZebraPositionCapture,profile-collections/lix-profile-collection/startup/components/10-zebra.py
28,ZebraOR,profile-collections/lix-profile-collection/startup/components/10-zebra.py
28,ZebraAND,profile-collections/lix-profile-collection/startup/components/10-zebra.py
28,ZebraEncoder,profile-collections/fmx-profile-collection/startup/26-zebra.py
28,ZebraGateInput,profile-collections/fmx-profile-collection/startup/26-zebra.py
28,ZebraGate,profile-collections/fmx-profile-collection/startup/26-zebra.py
28,ZebraPositionCaptureData,profile-collections/fmx-profile-collection/startup/26-zebra.py
28,ZebraPositionCapture,profile-collections/fmx-profile-collection/startup/26-zebra.py
28,ZebraBase,profile-collections/fmx-profile-collection/startup/26-zebra.py
28,ZebraPositionCapture,profile-collections/srx-profile-collection/startup/32-zebra.py
28,SRXZebraAND,profile-collections/srx-profile-collection/startup/32-zebra.py
28,ZebraSaver,profile-collections/srx-profile-collection/startup/29-zebra-h5-saver.py
29,PowerBrickVectorMotor,profile-collections/amx-profile-collection/startup/24-powerbrick.py
29,PowerBrickVectorBase,profile-collections/amx-profile-collection/startup/24-powerbrick.py
29,PowerBrickVectorMotor,profile-collections/fmx-profile-collection/startup/24-powerbrick.py
29,PowerBrickVectorBase,profile-collections/fmx-profile-collection/startup/24-powerbrick.py
30,SmartMagnet,profile-collections/amx-profile-collection/startup/96-beam_alignment.py
30,COUNTER,profile-collections/hxn-profile-collection/startup/93-scanplan-panda.py
31,PYZHomer,profile-collections/amx-profile-collection/startup/29-sentinel.py
31,JohannCrystalHoming,profile-collections/iss-profile-collection/startup/80-johann_spectrometer.py
31,TomoRotaryStageHoming,profile-collections/hex-profile-collection/startup/03-motors.py
32,RobotTaskSignal,profile-collections/amx-profile-collection/startup/26-robot.py
32,RobotVariableSignal,profile-collections/amx-profile-collection/startup/26-robot.py
33,Robot,profile-collections/amx-profile-collection/startup/26-robot.py
33,SamplePump,profile-collections/xfp-profile-collection/startup/10-fp-devs.py
33,Robot,profile-collections/xpd-profile-collection/startup/85-robot.py
33,Keithly2450,profile-collections/smi-profile-collection/startup/smiclasses/electrometers.py
34,Keithley,profile-collections/amx-profile-collection/startup/20-detectors.py
34,Ring,profile-collections/bmm-profile-collection/startup/BMM/metadata.py
34,Ring,profile-collections/opls-profile-collection/startup/09-machine.py
34,flowmeter,profile-collections/esm-arpes-profile-collection/startup/30-detectors.py
34,TimeSeries,profile-collections/xfp-profile-collection/startup/15-electrometer.py
34,KeithlyMM,profile-collections/xpd-profile-collection/startup/95-flash.py
34,Ring,profile-collections/smi-profile-collection/startup/smiclasses/machine.py
34,DiamondBPM,profile-collections/srx-profile-collection/startup/20-diagnostics.py
35,LoopDetector,profile-collections/amx-profile-collection/startup/96-two_click_center.py
36,WorkPositions,profile-collections/amx-profile-collection/startup/96-two_click_center.py
36,MountPositions,profile-collections/amx-profile-collection/startup/96-two_click_center.py
36,POSITION,profile-collections/hxn-profile-collection/startup/93-scanplan-panda.py
36,POSITIONS,profile-collections/hxn-profile-collection/startup/93-scanplan-panda.py
36,FilterBox,profile-collections/iss-profile-collection/startup/10-motors.py
36,GoniometerStack,profile-collections/fmx-profile-collection/startup/10-motors_00_lsdc.py
37,InsertionDevice,profile-collections/amx-profile-collection/startup/09-machine.py
37,InsertionDevice,profile-collections/hxn-profile-collection/startup/11-machine.py
37,EPU2,profile-collections/ios-profile-collection/startup/10-machine.py
37,InsertionDevice,profile-collections/chx-profile-collection/startup/15-machines.py
37,InsertionDevice,profile-collections/fmx-profile-collection/startup/09-machine_00_lsdc.py
38,CustomFlyer,profile-collections/amx-profile-collection/startup/95-custom_plans.py
38,SRXFlyer2D,profile-collections/hxn-profile-collection/startup/69-nano-fly2d.py
38,HXNTimeScan,profile-collections/hxn-profile-collection/startup/91-timescan.py
38,FlyerWithMotors,profile-collections/iss-profile-collection/startup/65-fly_scan_plans.py
38,CustomFlyer,profile-collections/fmx-profile-collection/startup/95-custom_plans.py
38,SRXFlyer1Axis,profile-collections/srx-profile-collection/startup/32-zebra.py
39,KillSwitch,profile-collections/bmm-profile-collection/startup/BMM/killswitch.py
40,BMMSnapshot,profile-collections/bmm-profile-collection/startup/BMM/camera_device.py
41,AxisCaprotoCam,profile-collections/bmm-profile-collection/startup/BMM/camera_device.py
42,TC,profile-collections/bmm-profile-collection/startup/BMM/metadata.py
42,TCG,profile-collections/bmm-profile-collection/startup/BMM/utilities.py
42,Rack,profile-collections/bmm-profile-collection/startup/BMM/utilities.py
42,OneWireTC,profile-collections/bmm-profile-collection/startup/BMM/utilities.py
42,NanoSignal,profile-collections/csx-profile-collection/startup/02-nanops.py
42,URATemperature,profile-collections/ixs-profile-collection/startup/97-temperature.py
42,SRXNanoTemp,profile-collections/srx-profile-collection/startup/16-nanoES.py
43,GlancingAngle,profile-collections/bmm-profile-collection/startup/BMM/glancing_angle.py
44,DeadbandMixin,profile-collections/bmm-profile-collection/startup/BMM/motors.py
44,DeadbandMixin,profile-collections/six-profile-collection/startup/04-epu.py
45,BMMXspress3DetectorBase,profile-collections/bmm-profile-collection/startup/BMM/xspress3.py
46,Busy,profile-collections/bmm-profile-collection/startup/BMM/busy.py
47,Vacuum,profile-collections/bmm-profile-collection/startup/BMM/utilities.py
47,FEVac,profile-collections/bmm-profile-collection/startup/BMM/utilities.py
47,sample_chamber_pressure,profile-collections/smi-profile-collection/startup/smiclasses/waxschamber.py
47,syringe_pump,profile-collections/smi-profile-collection/startup/smiclasses/bladecoater.py
48,BMM_DIWater,profile-collections/bmm-profile-collection/startup/BMM/utilities.py
49,USBVideo,profile-collections/bmm-profile-collection/startup/BMM/video.py
50,HxnAnc350_4,profile-collections/hxn-profile-collection/startup/13-mll.py
50,HxnAnc350_6,profile-collections/hxn-profile-collection/startup/13-mll.py
50,HxnPrototypeMicroscope,profile-collections/hxn-profile-collection/startup/16-ptycho.py
51,HXN_FuncGen1,profile-collections/hxn-profile-collection/startup/68-nano-functions.py
51,HXN_FuncGen2,profile-collections/hxn-profile-collection/startup/68-nano-functions.py
51,HFM_voltage,profile-collections/smi-profile-collection/startup/smiclasses/bimorph.py
51,VFM_voltage,profile-collections/smi-profile-collection/startup/smiclasses/bimorph.py
51,Diag_Module,profile-collections/smi-profile-collection/startup/smiclasses/ioLogik.py
52,HxnSlitA,profile-collections/hxn-profile-collection/startup/10-optics.py
52,ExitSlit,profile-collections/esm-xpeem-profile-collection/startup/10-machine.py
52,FrontEndSlit,profile-collections/csx-profile-collection/startup/csx1/devices/optics.py
52,ExitSlit,profile-collections/esm-arpes-profile-collection/startup/10-machine.py
52,FrontEnd,profile-collections/iss-profile-collection/startup/08-accelerator.py
53,HxnI400,profile-collections/hxn-profile-collection/startup/10-optics.py
54,SigrayMll,profile-collections/hxn-profile-collection/startup/16-ptycho.py
54,LL_mtr,profile-collections/esm-xpeem-profile-collection/startup/10-machine.py
54,LL_mtr,profile-collections/esm-arpes-profile-collection/startup/10-machine.py
55,HxnLakeShore,profile-collections/hxn-profile-collection/startup/20-detectors.py
55,HxnFPSensor,profile-collections/hxn-profile-collection/startup/23-interferometers.py
56,ZebraPositionCaptureData,profile-collections/hxn-profile-collection/startup/66-nano-zebra.py
56,ZebraPositionCaptureData,profile-collections/fxi-profile-collection/startup/18-zebra.py
56,ZebraPositionCaptureData,profile-collections/lix-profile-collection/startup/components/10-zebra.py
56,ZebraPositionCaptureData,profile-collections/srx-profile-collection/startup/32-zebra.py
57,PandA_Ophyd1,profile-collections/hxn-profile-collection/startup/93-scanplan-panda.py
58,HXNFlyerPanda,profile-collections/hxn-profile-collection/startup/93-scanplan-panda.py
59,Optic,profile-collections/nyx-profile-collection/startup/10-motors.py
59,OpticsTableADC,profile-collections/pdf-profile-collection/startup/15-optics.py
60,Pol_mtr,profile-collections/esm-xpeem-profile-collection/startup/10-machine.py
60,An_mtr,profile-collections/esm-xpeem-profile-collection/startup/10-machine.py
60,Analyzer_mtr,profile-collections/esm-xpeem-profile-collection/startup/10-machine.py
60,DIAG,profile-collections/esm-xpeem-profile-collection/startup/10-machine.py
60,Pol_mtr,profile-collections/esm-arpes-profile-collection/startup/10-machine.py
60,An_mtr,profile-collections/esm-arpes-profile-collection/startup/10-machine.py
60,Analyzer_mtr,profile-collections/esm-arpes-profile-collection/startup/10-machine.py
60,DIAG,profile-collections/esm-arpes-profile-collection/startup/10-machine.py
61,EpicsSignalLastElement,profile-collections/esm-xpeem-profile-collection/startup/10-machine.py
61,EpicsSignalLastElement,profile-collections/esm-arpes-profile-collection/startup/10-machine.py
62,BEST_Xaxis,profile-collections/esm-xpeem-profile-collection/startup/10-machine.py
62,BEST_Yaxis,profile-collections/esm-xpeem-profile-collection/startup/10-machine.py
62,BEST_Xaxis,profile-collections/esm-arpes-profile-collection/startup/10-machine.py
62,BEST_Yaxis,profile-collections/esm-arpes-profile-collection/startup/10-machine.py
63,KB_pair,profile-collections/esm-xpeem-profile-collection/startup/10-machine.py
63,KB_pair,profile-collections/esm-arpes-profile-collection/startup/10-machine.py
63,SRXNanoKB,profile-collections/srx-profile-collection/startup/16-nanoES.py
64,EPU,profile-collections/esm-xpeem-profile-collection/startup/11-undulator.py
64,EPU,profile-collections/six-profile-collection/startup/04-epu.py
64,EPU,profile-collections/esm-arpes-profile-collection/startup/11-undulator.py
65,Source,profile-collections/esm-xpeem-profile-collection/startup/11-undulator.py
65,Source,profile-collections/esm-arpes-profile-collection/startup/11-undulator.py
66,NanoBundleSignal,profile-collections/csx-profile-collection/startup/02-nanops.py
66,SRXNanoKBInterferometer,profile-collections/srx-profile-collection/startup/16-nanoES.py
66,SRXNanoStageInterferometer,profile-collections/srx-profile-collection/startup/16-nanoES.py
67,MotorPairX,profile-collections/csx-profile-collection/startup/02-nanops.py
67,MotorPairY,profile-collections/csx-profile-collection/startup/02-nanops.py
67,MotorPairZ,profile-collections/csx-profile-collection/startup/02-nanops.py
68,Interpolator,profile-collections/csx-profile-collection/startup/csx1/devices/epu.py
68,Interpolator,profile-collections/ios-profile-collection/startup/10-machine.py
68,FeedbackLoop,profile-collections/ios-profile-collection/startup/10-optics.py
68,GateConfig,profile-collections/chx-profile-collection/startup/98-xspress3.py
68,FractionCollector,profile-collections/xfp-profile-collection/startup/10-fp-devs.py
68,FlashRampInternals,profile-collections/xpd-profile-collection/startup/95-flash.py
68,RISlider,profile-collections/fmx-profile-collection/startup/23-attenuator_crl_99.py
68,Annealer,profile-collections/fmx-profile-collection/startup/10-motors_00_lsdc.py
69,BPMAxis,profile-collections/csx-profile-collection/startup/csx1/devices/epu.py
69,FEAxis,profile-collections/csx-profile-collection/startup/csx1/devices/optics.py
70,DelayGenerator,profile-collections/csx-profile-collection/startup/csx1/devices/lakeshore.py
70,DelayGenerator,profile-collections/csx-profile-collection/startup/csx1/devices/devices.py
70,DelayGenerator,profile-collections/esm-arpes-profile-collection/startup/48-lakeshore.py
70,DelayGenerator,profile-collections/xfp-profile-collection/startup/10-fp-devs.py
71,LookupRow,profile-collections/csx-profile-collection/startup/csx1/devices/motor_lookup.py
72,PrototypeEpicsScaler,profile-collections/csx-profile-collection/startup/csx1/devices/scaler.py
72,DodgyEpicsScaler,profile-collections/ios-profile-collection/startup/20-detectors.py
73,TriggeredCamExposure,profile-collections/csx-profile-collection/startup/csx1/devices/areadetector.py
73,TriggeredCamExposure,profile-collections/six-profile-collection/startup/22-rixscam.py
74,PMACKiller,profile-collections/csx-profile-collection/startup/csx1/devices/devices.py
75,PGM,profile-collections/csx-profile-collection/startup/csx1/devices/optics.py
76,FMBHexapodMirror,profile-collections/csx-profile-collection/startup/csx1/devices/optics.py
77,Vortex,profile-collections/ios-profile-collection/startup/01-classes.py
77,Vortex,profile-collections/lix-profile-collection/startup/obsolete/20-vortex.py
78,PGM,profile-collections/ios-profile-collection/startup/10-optics.py
79,DodgyEpicsSignal,profile-collections/ios-profile-collection/startup/20-detectors.py
80,Agilent_34970A,profile-collections/cms-profile-collection/startup/41-endstation-serial-dev.py
80,Keithley_2000,profile-collections/cms-profile-collection/startup/41-endstation-serial-dev.py
81,Minichiller,profile-collections/cms-profile-collection/startup/41-endstation-serial-dev.py
81,SyringePump,profile-collections/cms-profile-collection/startup/41-endstation-serial-dev.py
82,OceanOpticsSpectrometer,profile-collections/cms-profile-collection/startup/52-oceanoptics.py
83,Filter,profile-collections/cms-profile-collection/startup/10-motors.py
83,FilterBank,profile-collections/xpd-profile-collection/startup/10-motors.py
83,AttenuatorLUT,profile-collections/fmx-profile-collection/startup/23-attenuator_crl_00_lsdc.py
84,ioLogik,profile-collections/cms-profile-collection/startup/43-endstation-ioLogik.py
85,MassFlowControl,profile-collections/cms-profile-collection/startup/43-endstation-ioLogik.py
85,MassFlowControl_YF,profile-collections/cms-profile-collection/startup/43-endstation-ioLogik.py
86,SorrensonPowerSupply,profile-collections/cms-profile-collection/startup/43-endstation-ioLogik.py
86,Chiller,profile-collections/cms-profile-collection/startup/43-endstation-ioLogik.py
87,Potentiostats,profile-collections/cms-profile-collection/startup/43-endstation-ioLogik.py
88,archiver,profile-collections/cms-profile-collection/startup/55-archiver.py
89,EpicsSignalROWait,profile-collections/cms-profile-collection/startup/25-scalers.py
89,EpicsSignalROIntegrate,profile-collections/cms-profile-collection/startup/25-scalers.py
90,TriState,profile-collections/cms-profile-collection/startup/50-bluesky-devices.py
91,SampleEnvironment,profile-collections/pdf-profile-collection/startup/25-sample-env.py
91,CFSample,profile-collections/xfp-profile-collection/startup/10-motors-bl.py
91,HFSampleStage,profile-collections/srx-profile-collection/startup/15-microES.py
92,MCM,profile-collections/ixs-profile-collection/startup/10-optics.py
93,DetectorOffsets,profile-collections/opls-profile-collection/startup/30-geometry.py
93,PhiOffsets,profile-collections/opls-profile-collection/startup/30-geometry.py
93,LiXDetectors,profile-collections/lix-profile-collection/startup/obsolete/2023Sep/20-pilatus.py
94,Smaract1,profile-collections/opls-profile-collection/startup/25-slits.py
95,EpicsSignalOverridePrecRO,profile-collections/opls-profile-collection/startup/09-machine.py
95,EpicsSignalOverridePrec,profile-collections/opls-profile-collection/startup/09-machine.py
95,EpicsSignalPrec,profile-collections/fmx-profile-collection/startup/09-machine_99.py
95,EpicsSignalROPrec,profile-collections/fmx-profile-collection/startup/09-machine_99.py
96,KibronTrough,profile-collections/opls-profile-collection/startup/84-kibron.py
97,OPLSXspress3Detector,profile-collections/opls-profile-collection/startup/47-xpress3.py
97,LiXPilatusDetectors,profile-collections/lix-profile-collection/startup/obsolete/20-pilatus.py
98,EpicsSignalROLazyier,profile-collections/fxi-profile-collection/startup/05-ion-chamber.py
98,FlakySignal,profile-collections/xpd-profile-collection/startup/95-flash.py
98,EpicsSignalROLazyier,profile-collections/srx-profile-collection/startup/30-scaler.py
99,SR570,profile-collections/fxi-profile-collection/startup/05-ion-chamber.py
99,SR570_PREAMPS,profile-collections/fxi-profile-collection/startup/05-ion-chamber.py
99,SR630,profile-collections/xfp-profile-collection/startup/10-fp-devs.py
100,PreDefinedPositions,profile-collections/six-profile-collection/startup/81-PreDefinedClass.py
101,SAXSBeamStop,profile-collections/chx-profile-collection/startup/10-optics.py
101,Diffractometer,profile-collections/chx-profile-collection/startup/10-optics.py
102,Elm,profile-collections/chx-profile-collection/startup/35-detectors.py
103,Syringe_Pump,profile-collections/chx-profile-collection/startup/31-syringe_pump.py
103,SolutionScatteringControlUnit,profile-collections/lix-profile-collection/startup/experiments/25-EM_sol.py
103,Pump,profile-collections/xfp-profile-collection/startup/10-fp-devs.py
104,XPStraj,profile-collections/lix-profile-collection/tests/traj_py.py
104,XPStraj,profile-collections/lix-profile-collection/startup/obsolete/2023Sep/25-XPS.py
104,trajControl,profile-collections/lix-profile-collection/startup/components/30-traj.py
105,Region,profile-collections/lix-profile-collection/startup/obsolete/20-spectro.py
106,HPLC,profile-collections/lix-profile-collection/startup/obsolete/25-hplc.py
107,TimeSeries,profile-collections/lix-profile-collection/startup/obsolete/2023Sep/20-bpm.py
107,TimeSeries,profile-collections/lix-profile-collection/startup/components/20-bpm.py
108,Transfocator,profile-collections/lix-profile-collection/startup/components/15-transfocator.py
108,Transfocator,profile-collections/fmx-profile-collection/startup/23-attenuator_crl_99.py
109,Screen,profile-collections/lix-profile-collection/startup/components/20-detectors.py
110,Bimorph,profile-collections/lix-profile-collection/startup/components/11-bimorph.py
110,Bimorph,profile-collections/fmx-profile-collection/startup/11-bimorph.py
111,SES,profile-collections/esm-arpes-profile-collection/startup/31-ses.py
112,DIODE_PDM,profile-collections/xfp-profile-collection/startup/14-diode.py
113,AgressiveSignal,profile-collections/xfp-profile-collection/startup/09-ophyd_hack.py
114,Control,profile-collections/xpd-profile-collection/startup/02-adaptive.py
115,CurrentSetterEpicSignal,profile-collections/xpd-profile-collection/startup/95-flash.py
115,CurrentEnable,profile-collections/xpd-profile-collection/startup/95-flash.py
116,XPDGasSwitcher,profile-collections/xpd-profile-collection/startup/70-gas_switcher.py
117,Amptek,profile-collections/smi-profile-collection/startup/smiclasses/amptek.py
118,FakeDetector,profile-collections/smi-profile-collection/startup/smiclasses/pilatus.py
119,WAXS_Motors,profile-collections/smi-profile-collection/startup/smiclasses/pilatus.py
120,MDriveMotor,profile-collections/smi-profile-collection/startup/smiclasses/motors.py
121,DCMInternals,profile-collections/smi-profile-collection/startup/smiclasses/energy.py
122,Attenuator,profile-collections/smi-profile-collection/startup/smiclasses/attenuators.py
123,SMI_WAXS_detector,profile-collections/smi-profile-collection/startup/smibase/beam.py
123,SMI_SAXS_detector,profile-collections/smi-profile-collection/startup/smibase/beam.py
124,Accelerator,profile-collections/iss-profile-collection/startup/08-accelerator.py
125,Potentiostat,profile-collections/iss-profile-collection/startup/25-sample_environment.py
126,HRM,profile-collections/iss-profile-collection/startup/10-motors.py
126,HHRM,profile-collections/iss-profile-collection/startup/10-motors.py
127,BenderFM,profile-collections/iss-profile-collection/startup/10-motors.py
128,SampleStage,profile-collections/iss-profile-collection/startup/10-motors.py
129,EpicsSignalAsEncoderForMotor,profile-collections/iss-profile-collection/startup/80-johann_spectrometer.py
130,FlyableEpicsMotor,profile-collections/iss-profile-collection/startup/64-flying_epics_motor.py
131,ppmac_input,profile-collections/fmx-profile-collection/startup/27-chip_scanner.py
132,PhotonLocalFeedback,profile-collections/fmx-profile-collection/startup/09-machine_00_lsdc.py
133,BeamlineCalibrations,profile-collections/fmx-profile-collection/startup/90-utility_00_lsdc.py
134,Channel,profile-collections/fmx-profile-collection/startup/11-bimorph.py
135,SampleTower,profile-collections/hex-profile-collection/startup/03-motors.py
136,TomoRotaryStage,profile-collections/hex-profile-collection/startup/03-motors.py
137,SRXDCM,profile-collections/srx-profile-collection/startup/11-optics.py
137,SRXAttenuators,profile-collections/srx-profile-collection/startup/15-microES.py
138,FlyerIDMono,profile-collections/srx-profile-collection/startup/60-xanes.py
139,SRXZebraOR,profile-collections/srx-profile-collection/startup/32-zebra.py
140,IDFlyDevice,profile-collections/srx-profile-collection/startup/10-machine.py
141,BPMDiode,profile-collections/srx-profile-collection/startup/20-diagnostics.py
141,SlitDrainCurrent,profile-collections/srx-profile-collection/startup/20-diagnostics.py
141,BPM_TetrAMM,profile-collections/srx-profile-collection/startup/20-diagnostics.py
142,SRXScanRecord,profile-collections/srx-profile-collection/startup/40-scanutils.py
